{
  "maximum_angle": 113.64,
  "transforms": [
    {
      "name": "parent",
      "position": [-139.379, -142.5, -133.797],
      "axis": [-0.217607, 0.690162, 0.690162],
      "angle": 2.71306
    },
    {
      "name": "tail",
      "position": [0, 0, 0],
      "axis": [0.34202, 0, 0.939693],
      "angle": 0
    },
    {
      "name": "hinge",
      "position": [71.9706, 0, 85.7095],
      "axis": [0, 1, 0],
      "angle": 0.349066
    }
  ]
}
